name,model,display_resolution,OS,processor,Chipset,GPU,memory,storage,ram,primary_camera,secondary_camera,loud_speaker,audio_jack,sensors,battery,colors,price,img_url
Samsung,Galaxy M14,1080 x 2408 (P-LCD),Android 13,Octa-core,Exynos 1330,Mali-G68 MP2,128 GB,128 GB,6 GB,50+2+2 MP,13 MP,Yes,Yes,"Fingerprint, Accelerometer, Compass",6000 mAh,"Navy Blue, Light Blue","₹ 12,999","https://m.media-amazon.com/images/I/81juPhKSZJL._AC_UF1000,1000_QL80_.jpg"
Apple,iPhone 13,1170 x 2532 (OLED),iOS 15,Hexa-core,Apple A15 Bionic,Apple GPU,128 GB,128 GB,4 GB,12+12 MP,12 MP,Yes,No,"Face ID, Gyro, Accelerometer",3240 mAh,"Red, Blue, Pink, Green","₹ 61,999","https://m.media-amazon.com/images/I/71xb2xkN5qL._AC_UF1000,1000_QL80_.jpg"
Xiaomi,Redmi Note 11,1080 x 2400 (AMOLED),Android 11,Octa-core,Snapdragon 680,Adreno 610,64 GB,64 GB,4 GB,50+8+2+2 MP,13 MP,Yes,Yes,"Fingerprint, Gyro, Compass",5000 mAh,"Graphite Gray, Twilight Blue","₹ 12,499",https://media-ik.croma.com/prod/https://media.croma.com/image/upload/v1662444103/Croma%20Assets/Communication/Mobiles/Images/248698_shx40c.png
OnePlus,Nord CE 3 Lite,1080 x 2400 (IPS LCD),Android 13,Octa-core,Snapdragon 695,Adreno 619,128 GB,128 GB,8 GB,108+2+2 MP,16 MP,Yes,Yes,"Fingerprint, Accelerometer, Compass",5000 mAh,"Pastel Lime, Chromatic Gray","₹ 19,999",https://m.media-amazon.com/images/I/61QRgOgBx0L.jpg
Realme,Narzo 60 5G,1080 x 2400 (AMOLED),Android 13,Octa-core,Dimensity 6020,Mali-G57 MC2,128 GB,128 GB,8 GB,64 MP,16 MP,Yes,Yes,"Fingerprint, Accelerometer, Proximity",5000 mAh,"Mars Orange, Cosmic Black","₹ 14,999","https://m.media-amazon.com/images/I/8195A49fZbL._AC_UF1000,1000_QL80_.jpg"
Samsung,Galaxy S21 FE,1080 x 2400 (AMOLED),Android 12,Octa-core,Exynos 2100,Mali-G78 MP14,128 GB,128 GB,8 GB,12+8+12 MP,32 MP,Yes,No,"Fingerprint, Barometer, Gyro",4500 mAh,"Graphite, Lavender","₹ 31,999",https://m.media-amazon.com/images/I/61LTnUpkvQL.jpg
Motorola,Edge 30 Fusion,1080 x 2400 (P-OLED),Android 12,Octa-core,Snapdragon 888+,Adreno 660,128 GB,128 GB,8 GB,50+13+2 MP,32 MP,Yes,No,"Fingerprint, Gyro, Accelerometer",4400 mAh,"Solar Gold, Cosmic Grey","₹ 34,999","https://m.media-amazon.com/images/I/7186lQYxPrL._AC_UF1000,1000_QL80_.jpg"
Vivo,T2 5G,1080 x 2400 (AMOLED),Android 13,Octa-core,Snapdragon 695,Adreno 619,128 GB,128 GB,6 GB,64+2 MP,16 MP,Yes,Yes,"Fingerprint, Accelerometer, Proximity",4500 mAh,"Nitro Blaze, Velocity Wave","₹ 13,999",https://rukminim2.flixcart.com/image/850/1000/xif0q/mobile/u/1/h/-original-imagpfbvfu4p55n4.jpeg?q=20&crop=false
Infinix,Zero 5G 2023,1080 x 2460 (IPS LCD),Android 12,Octa-core,Dimensity 920,Mali-G68 MC4,128 GB,128 GB,8 GB,50+2+2 MP,16 MP,Yes,Yes,"Fingerprint, Gyro, Compass",5000 mAh,"Coral Orange, Pearly White","₹ 13,999",https://rukminim2.flixcart.com/image/850/1000/xif0q/mobile/p/z/f/-original-imagmhszmch497en.jpeg?q=90&crop=false
POCO,X5 Pro 5G,1080 x 2400 (AMOLED),Android 12,Octa-core,Snapdragon 778G,Adreno 642L,128 GB,128 GB,6 GB,108+8+2 MP,16 MP,Yes,Yes,"Fingerprint, Accelerometer, Gyro",5000 mAh,"Yellow, Black, Blue","₹ 20,999",https://rukminim2.flixcart.com/image/850/1000/xif0q/mobile/a/x/j/-original-imagmkjfhzjhfhhe.jpeg?q=90&crop=false
Google,Pixel 6a,1080 x 2400 (OLED),Android 12,Octa-core,Google Tensor,Mali-G78 MP20,128 GB,128 GB,6 GB,12.2+12 MP,8 MP,Yes,No,"Fingerprint, Accelerometer, Gyro",4410 mAh,"Charcoal, Chalk","₹ 29,999",https://fonezone.me/cdn/shop/products/6a.jpg?v=1701520366
Realme,GT Neo 3T,1080 x 2400 (AMOLED),Android 12,Octa-core,Snapdragon 870,Adreno 650,128 GB,128 GB,6 GB,64+8+2 MP,16 MP,Yes,Yes,"Fingerprint, Accelerometer, Compass",5000 mAh,"Dash Yellow, Shade Black","₹ 22,999","https://m.media-amazon.com/images/I/61bp9Tq2T5L._AC_UF1000,1000_QL80_.jpg"
Samsung,Galaxy A14 5G,1080 x 2408 (PLS LCD),Android 13,Octa-core,Exynos 1330,Mali-G68 MP2,64 GB,64 GB,4 GB,50+2+2 MP,13 MP,Yes,Yes,"Fingerprint, Accelerometer, Proximity",5000 mAh,"Black, Silver, Dark Red","₹ 13,999",https://encrypted-tbn0.gstatic.com/images?q=tbn:ANd9GcSeeWrSPSyBhJqQVc34d_pGqNUvRqcwtfl8Rg&s
Vivo,V27 Pro,1080 x 2400 (AMOLED),Android 13,Octa-core,Dimensity 8200,Mali-G610 MC6,128 GB,128 GB,8 GB,50+8+2 MP,50 MP,Yes,No,"Fingerprint, Accelerometer, Gyro",4600 mAh,"Magic Blue, Noble Black","₹ 37,999",https://in-exstatic-vivofs.vivo.com/gdHFRinHEMrj3yPG/1677136564513/61700a6c726f389ef4ae2b1662ce6783.png
Xiaomi,11i HyperCharge,1080 x 2400 (AMOLED),Android 11,Octa-core,Dimensity 920,Mali-G68 MC4,128 GB,128 GB,6 GB,108+8+2 MP,16 MP,Yes,Yes,"Fingerprint, Gyro, Compass",4500 mAh,"Camo Green, Pacific Pearl","₹ 24,999",https://rukminim2.flixcart.com/image/850/1000/ky7lci80/mobile/j/u/r/-original-imagagf6zvvbfjjg.jpeg?q=90&crop=false
Motorola,G73 5G,1080 x 2400 (IPS LCD),Android 13,Octa-core,Dimensity 930,IMG BXM-8-256,128 GB,128 GB,8 GB,50+8 MP,16 MP,Yes,Yes,"Fingerprint, Accelerometer, Compass",5000 mAh,"Midnight Blue, Lucent White","₹ 18,999",https://rukminim2.flixcart.com/image/850/1000/xif0q/mobile/r/k/h/g73-5g-paux0023in-motorola-original-imagngjh7epkhqdg.jpeg?q=90&crop=false
POCO,F4 5G,1080 x 2400 (AMOLED),Android 12,Octa-core,Snapdragon 870,Adreno 650,128 GB,128 GB,6 GB,64+8+2 MP,20 MP,Yes,No,"Fingerprint, Gyro, Compass",4500 mAh,"Night Black, Nebula Green","₹ 27,999",https://rukminim3.flixcart.com/image/850/1000/l4n2oi80/mobile/i/a/x/-original-imagfhuebkbnnfgj.jpeg?q=90&crop=false
Infinix,Zero Ultra,1080 x 2400 (AMOLED),Android 12,Octa-core,Dimensity 920,Mali-G68 MC4,256 GB,256 GB,8 GB,200+13+2 MP,32 MP,Yes,Yes,"Fingerprint, Accelerometer, Proximity",4500 mAh,"Coslight Silver, Genesis Noir","₹ 29,999",https://m.media-amazon.com/images/I/31SEs674opL.jpg
Lava,Blaze 5G,720 x 1600 (IPS LCD),Android 12,Octa-core,Dimensity 810,Mali-G57 MC2,128 GB,128 GB,4 GB,50+VGA+AI MP,8 MP,Yes,Yes,"Fingerprint, Gyro, Compass",5000 mAh,"Glass Green, Glass Blue","₹ 10,999",https://m.media-amazon.com/images/I/61QrADCsn8L.jpg
OnePlus,Nord CE 3 Lite,1080 x 2400 (IPS LCD),Android 13,Octa-core,Snapdragon 695,Adreno 619,128 GB,128 GB,8 GB,108+2+2 MP,16 MP,Yes,Yes,"Fingerprint, Gyro, Compass",5000 mAh,"Pastel Lime, Chromatic Gray","₹ 19,999","https://m.media-amazon.com/images/I/61LB+d0vheL._AC_UF1000,1000_QL80_.jpg"
Samsung,Galaxy M14 5G,1080 x 2408 (PLS LCD),Android 13,Octa-core,Exynos 1330,Mali-G68 MP2,128 GB,128 GB,6 GB,50+2+2 MP,13 MP,Yes,Yes,"Fingerprint, Accelerometer, Compass",6000 mAh,"Icy Silver, Berry Blue","₹ 13,490",https://m.media-amazon.com/images/I/81pmO0iVNhL.jpg
iQOO,Z7 5G,1080 x 2400 (AMOLED),Android 13,Octa-core,Dimensity 920,Mali-G68 MC4,128 GB,128 GB,6 GB,64+2 MP,16 MP,Yes,Yes,"Fingerprint, Gyro, Accelerometer",4500 mAh,"Norway Blue, Pacific Night","₹ 18,999","https://m.media-amazon.com/images/I/61Id6WJDWqL._AC_UF1000,1000_QL80_.jpg"
Realme,Narzo 60 5G,1080 x 2400 (AMOLED),Android 13,Octa-core,Dimensity 6020,Mali-G57 MC2,128 GB,128 GB,8 GB,64 MP,16 MP,Yes,Yes,"Fingerprint, Gyro, Accelerometer",5000 mAh,"Mars Orange, Cosmic Black","₹ 17,999","https://m.media-amazon.com/images/I/81y3PRTxdML._AC_UF1000,1000_QL80_DpWeblab_.jpg"
Redmi,Note 12 Pro 5G,1080 x 2400 (AMOLED),Android 12,Octa-core,Dimensity 1080,Mali-G68 MC4,128 GB,128 GB,6 GB,50+8+2 MP,16 MP,Yes,Yes,"Fingerprint, Compass, Accelerometer",5000 mAh,"Stardust Purple, Onyx Black","₹ 24,999",https://m.media-amazon.com/images/I/41lUzcNHs3L.jpg
Motorola,Edge 40,1080 x 2400 (P-OLED),Android 13,Octa-core,Dimensity 8020,Mali-G77 MC9,256 GB,256 GB,8 GB,50+13 MP,32 MP,Yes,No,"Fingerprint, Gyro, Accelerometer",4400 mAh,"Eclipse Black, Nebula Green","₹ 29,999",https://www.dateks.lv/images/pic/2400/2400/603/1512.jpg
Poco,X5 Pro 5G,1080 x 2400 (AMOLED),Android 12,Octa-core,Snapdragon 778G,Adreno 642L,128 GB,128 GB,6 GB,108+8+2 MP,16 MP,Yes,Yes,"Fingerprint, Gyro, Compass",5000 mAh,"Yellow, Black, Blue","₹ 22,999",https://rukminim2.flixcart.com/image/850/1000/xif0q/mobile/a/x/j/-original-imagmkjfhzjhfhhe.jpeg?q=90&crop=false
Lava,Agni 2 5G,1080 x 2400 (AMOLED),Android 13,Octa-core,Dimensity 7050,Mali-G68 MC4,128 GB,128 GB,8 GB,50+8+2+2 MP,16 MP,Yes,Yes,"Fingerprint, Compass, Gyro",4700 mAh,Glass Viridian,"₹ 19,999","https://m.media-amazon.com/images/I/61OBw+XUiuL._AC_UF1000,1000_QL80_DpWeblab_.jpg"
Infinix,Zero 5G 2023 Turbo,1080 x 2460 (IPS LCD),Android 12,Octa-core,Dimensity 920,Mali-G68 MC4,128 GB,128 GB,8 GB,50+2+2 MP,16 MP,Yes,Yes,"Fingerprint, Compass, Gyro, Accelerometer",5000 mAh,"Pearly White, Coral Orange","₹ 17,999",https://rukminim2.flixcart.com/image/850/1000/xif0q/mobile/p/z/f/-original-imagmhszmch497en.jpeg?q=90&crop=false
Tecno,Phantom X2 Pro,1080 x 2400 (AMOLED),Android 12,Octa-core,Dimensity 9000,Mali-G710 MC10,256 GB,256 GB,12 GB,50+50+13 MP,32 MP,Yes,No,"Fingerprint, Gyro, Compass, Accelerometer",5160 mAh,"Mars Orange, Stardust Gray","₹ 49,999",https://encrypted-tbn0.gstatic.com/images?q=tbn:ANd9GcSoPdB0c4By_xxKufcLqKmfn310EypkmFr5Bw&s
Apple,iPhone 13,1170 x 2532 (OLED),iOS 15,Hexa-core,Apple A15 Bionic,Apple GPU (4-core),128 GB,128 GB,4 GB,12+12 MP,12 MP,Yes,No,"Face ID, Gyro, Compass",3240 mAh,"Starlight, Midnight, Blue","₹ 59,900",https://encrypted-tbn0.gstatic.com/images?q=tbn:ANd9GcQd3qIfG6nuP8aCNb0AKWvRuV1v33e5P7rv0g&s
Vivo,V27,1080 x 2400 (AMOLED),Android 13,Octa-core,Dimensity 7200,Mali-G610 MC4,128 GB,128 GB,8 GB,50+8+2 MP,50 MP,Yes,No,"Fingerprint, Accelerometer, Gyro",4600 mAh,"Noble Black, Magic Blue","₹ 32,999",https://encrypted-tbn0.gstatic.com/images?q=tbn:ANd9GcQu7yK7C-MoWiDIO2XyYeoLLy3wNi4ZcKQLmw&s
Realme,GT Neo 3,1080 x 2412 (AMOLED),Android 12,Octa-core,Dimensity 8100,Mali-G610 MC6,128 GB,128 GB,8 GB,50+8+2 MP,16 MP,Yes,No,"Fingerprint, Compass, Gyro",5000 mAh,"Nitro Blue, Sprint White","₹ 36,999",https://encrypted-tbn0.gstatic.com/images?q=tbn:ANd9GcQwJp_Id9JsEKGPQgRidIdDHLxlF5PpSm23UA&s
Samsung,Galaxy S21 FE,1080 x 2400 (Dynamic AMOLED),Android 12,Octa-core,Exynos 2100,Mali-G78 MP14,128 GB,128 GB,8 GB,12+12+8 MP,32 MP,Yes,No,"Fingerprint, Gyro, Compass, Barometer",4500 mAh,"Graphite, Olive, Lavender","₹ 39,999",https://rukminim2.flixcart.com/image/850/1000/xif0q/mobile/d/o/r/-original-imagu4haetzha9bj.jpeg?q=90&crop=false
Motorola,G73 5G,1080 x 2400 (IPS LCD),Android 13,Octa-core,Dimensity 930,Mali-G52 MC2,128 GB,128 GB,8 GB,50+8 MP,16 MP,Yes,Yes,"Fingerprint, Compass, Accelerometer",5000 mAh,"Midnight Blue, Lucent White","₹ 18,999",https://rukminim2.flixcart.com/image/850/1000/xif0q/mobile/r/k/h/g73-5g-paux0023in-motorola-original-imagngjh7epkhqdg.jpeg?q=90&crop=false
Lava,Blaze 5G,720 x 1600 (IPS LCD),Android 12,Octa-core,Dimensity 810,Mali-G57 MC2,128 GB,128 GB,6 GB,50+VGA MP,8 MP,Yes,Yes,"Fingerprint, Compass, Gyro",5000 mAh,"Glass Green, Glass Blue","₹ 11,999",https://m.media-amazon.com/images/I/61QrADCsn8L.jpg
Poco,F5 5G,1080 x 2400 (AMOLED),Android 13,Octa-core,Snapdragon 7+ Gen 2,Adreno 725,256 GB,256 GB,12 GB,64+8+2 MP,16 MP,Yes,No,"Fingerprint, Gyro, Compass",5000 mAh,"Electric Blue, Carbon Black","₹ 29,999","https://m.media-amazon.com/images/I/311m21aq8gL._AC_UF894,1000_QL80_.jpg"
Tecno,Pova 5 Pro 5G,1080 x 2460 (IPS LCD),Android 13,Octa-core,Dimensity 6080,Mali-G57 MC2,128 GB,128 GB,8 GB,50+0.08 MP,16 MP,Yes,Yes,"Fingerprint, Gyro, Accelerometer",5000 mAh,"Silver Fantasy, Dark Illusion","₹ 14,999",https://encrypted-tbn0.gstatic.com/images?q=tbn:ANd9GcStDUHwSg4cIdk5y22aYS9P_jvm8zQ6MdM1Xg&s
OnePlus,11R 5G,1240 x 2772 (AMOLED),Android 13,Octa-core,Snapdragon 8+ Gen 1,Adreno 730,256 GB,256 GB,16 GB,50+8+2 MP,16 MP,Yes,No,"Fingerprint, Compass, Gyro",5000 mAh,"Galactic Silver, Sonic Black","₹ 39,999",https://encrypted-tbn0.gstatic.com/images?q=tbn:ANd9GcQyL_ZMh5IJCimJrIjvb0kRfz6qKa1F15TEHw&s
Samsung,Galaxy M14 5G,1080 x 2408 (PLS LCD),Android 13,Octa-core,Exynos 1330,Mali-G68 MP2,128 GB,128 GB,6 GB,50+2+2 MP,13 MP,Yes,Yes,"Fingerprint, Accelerometer, Compass",6000 mAh,"Berry Blue, Smoky Teal, Icy Silver","₹ 11,990","https://m.media-amazon.com/images/I/612MXeSOgtL._AC_UF350,350_QL80_.jpg"
Xiaomi,11i HyperCharge 5G,1080 x 2400 (AMOLED),Android 11,Octa-core,Dimensity 920,Mali-G68 MC4,128 GB,128 GB,8 GB,108+8+2 MP,16 MP,Yes,Yes,"Fingerprint, Gyro, Compass",4500 mAh,"Camo Green, Stealth Black","₹ 24,999",https://encrypted-tbn0.gstatic.com/images?q=tbn:ANd9GcST3b1Lzea7JOGf0WBFPS0oQHcTDy4J-B2rgw&s
iQOO,Z7 5G,1080 x 2400 (AMOLED),Android 13,Octa-core,Dimensity 920,Mali-G68 MC4,128 GB,128 GB,6 GB,64+2 MP,16 MP,Yes,Yes,"Fingerprint, Gyro, Accelerometer",4500 mAh,"Norway Blue, Pacific Night","₹ 15,999",https://m.media-amazon.com/images/I/41eVXDZYwqL.jpg
OnePlus,Nord CE 3 5G,1080 x 2400 (AMOLED),Android 13,Octa-core,Snapdragon 782G,Adreno 642L,256 GB,256 GB,8 GB,50+8+2 MP,16 MP,Yes,No,"Fingerprint, Gyro, Compass",5000 mAh,"Aqua Surge, Gray Shimmer","₹ 26,999",https://encrypted-tbn0.gstatic.com/images?q=tbn:ANd9GcT_kIU7Cd9ebJ2UpHiHl2VZW99Gh87d9nAyxg&s
Infinix,Zero 5G 2023,1080 x 2460 (IPS LCD),Android 12,Octa-core,Dimensity 920,Mali-G68 MC4,128 GB,128 GB,8 GB,50+2+2 MP,16 MP,Yes,Yes,"Fingerprint, Gyro, Accelerometer",5000 mAh,"Coral Orange, Pearly White","₹ 15,999",https://os-wordpress-media.s3.ap-south-1.amazonaws.com/blog/wp-content/uploads/2022/11/10103939/Infinix-Zero-5G-2023-specifications-984x1024.jpeg
Vivo,Y100,1080 x 2400 (AMOLED),Android 13,Octa-core,Dimensity 900,Mali-G68 MC4,128 GB,128 GB,8 GB,64+2+2 MP,16 MP,Yes,Yes,"Fingerprint, Compass, Gyro",4500 mAh,"Pacific Blue, Twilight Gold","₹ 23,999",https://rukminim2.flixcart.com/image/850/1000/xif0q/mobile/t/d/a/-original-imagmvgchyb92h8t.jpeg?q=20&crop=false
Xiaomi,Redmi Note 12 5G,1080 x 2400 (AMOLED),Android 12,Octa-core,Snapdragon 4 Gen 1,Adreno 619,128 GB,128 GB,6 GB,48+8+2 MP,13 MP,Yes,Yes,"Fingerprint, Gyro, Compass",5000 mAh,"Frosted Green, Matte Black","₹ 15,999","https://m.media-amazon.com/images/I/81ZZPvIWnYL._AC_UF1000,1000_QL80_.jpg"
Tecno,Camon 20 Pro 5G,1080 x 2400 (AMOLED),Android 13,Octa-core,Dimensity 8050,Mali-G77 MC9,128 GB,128 GB,8 GB,64+2+QVGA MP,32 MP,Yes,Yes,"Fingerprint, Gyro, Accelerometer",5000 mAh,"Serenity Blue, Dark Welkin","₹ 19,999","https://m.media-amazon.com/images/I/71Ui+lLD2eL._AC_UF350,350_QL80_.jpg"
Lava,Agni 2 5G,1080 x 2400 (AMOLED),Android 13,Octa-core,Dimensity 7050,Mali-G68 MC4,128 GB,128 GB,8 GB,50+8+2+2 MP,16 MP,Yes,Yes,"Fingerprint, Gyro, Compass",4700 mAh,Glass Viridian,"₹ 21,999","https://m.media-amazon.com/images/I/61OBw+XUiuL._AC_UF1000,1000_QL80_DpWeblab_.jpg"
Motorola,Edge 40 Neo,1080 x 2400 (P-OLED),Android 13,Octa-core,Dimensity 7030,Mali-G610 MC1,128 GB,128 GB,8 GB,50+13 MP,32 MP,Yes,No,"Fingerprint, Gyro, Compass",5000 mAh,"Caneel Bay, Black Beauty","₹ 22,999",https://rukminim2.flixcart.com/image/850/1000/xif0q/mobile/p/r/r/edge-40-neo-payj0002in-motorola-original-imagtkzh8zrvp3uj.jpeg?q=90&crop=false
Samsung,Galaxy S21 FE 5G,1080 x 2400 (Dynamic AMOLED),Android 12,Octa-core,Snapdragon 888,Adreno 660,128 GB,128 GB,8 GB,12+12+8 MP,32 MP,Yes,No,"Fingerprint, Gyro, Compass, Barometer",4500 mAh,"Graphite, Lavender, Olive","₹ 39,999",https://m.media-amazon.com/images/I/71KvMxIsQhL.jpg
OnePlus,Nord N20 SE,720 x 1600 (IPS LCD),Android 12,Octa-core,MediaTek Helio G35,PowerVR GE8320,64 GB,64 GB,4 GB,50+2 MP,8 MP,Yes,Yes,"Fingerprint, Accelerometer, Proximity",5000 mAh,"Celestial Black, Blue Oasis","₹ 14,499",https://oasis.opstatics.com/content/dam/oasis/page/2022/operation/aug/0804/n20se/N20SE_Blue.png
Vivo,T2 Pro 5G,1080 x 2400 (AMOLED),Android 13,Octa-core,Dimensity 7200,Mali-G610 MC4,128 GB,128 GB,8 GB,64+2 MP,16 MP,Yes,No,"Fingerprint, Accelerometer, Compass",4600 mAh,"Dune Gold, New Moon Black","₹ 23,999",https://m.media-amazon.com/images/I/71ph2wfbdvL.jpg
Xiaomi,Redmi 12 5G,1080 x 2460 (IPS LCD),Android 13,Octa-core,Snapdragon 4 Gen 2,Adreno 613,128 GB,128 GB,6 GB,50+2 MP,8 MP,Yes,Yes,"Fingerprint, Compass, Proximity",5000 mAh,"Pastel Blue, Jade Black","₹ 11,999",https://m.media-amazon.com/images/I/61R3ONjMtDL.jpg
Realme,Narzo 60 5G,1080 x 2400 (AMOLED),Android 13,Octa-core,Dimensity 6020,Mali-G57 MC2,128 GB,128 GB,8 GB,64 MP,16 MP,Yes,No,"Fingerprint, Accelerometer, Gyro",5000 mAh,"Mars Orange, Cosmic Black","₹ 17,999","https://static.toiimg.com/thumb/resizemode-4,msid-100254595,width-160/100254595.jpg"
Infinix,GT 10 Pro,1080 x 2400 (AMOLED),Android 13,Octa-core,Dimensity 8050,Mali-G77 MC9,256 GB,256 GB,8 GB,108+2+2 MP,32 MP,Yes,Yes,"Fingerprint, Gyro, Proximity",5000 mAh,"Cyber Black, Mirage Silver","₹ 19,999",https://encrypted-tbn0.gstatic.com/images?q=tbn:ANd9GcSYt8M09vRYOKm6A5im6PuN4-NYe7MBn9dKvw&s
Motorola,G73 5G,1080 x 2400 (IPS LCD),Android 13,Octa-core,Dimensity 930,Mali-G52 MC2,128 GB,128 GB,8 GB,50+8 MP,16 MP,Yes,No,"Fingerprint, Compass, Accelerometer",5000 mAh,"Midnight Blue, Lucent White","₹ 18,999",https://m.media-amazon.com/images/I/71pOFgYLKKL.jpg
Tecno,Spark 10 Pro,1080 x 2460 (IPS LCD),Android 13,Octa-core,Helio G88,Mali-G52 MC2,128 GB,128 GB,8 GB,50+AI Lens,32 MP,Yes,Yes,"Fingerprint, Accelerometer, Proximity",5000 mAh,"Starry Black, Pearl White","₹ 12,499",https://encrypted-tbn0.gstatic.com/images?q=tbn:ANd9GcRJNcwVc3_8RriAE2DRFMLoY55rQOkeFcSuwg&s
Lava,Blaze 5G,720 x 1600 (IPS LCD),Android 12,Octa-core,Dimensity 6020,Mali-G57 MC2,128 GB,128 GB,6 GB,50+2+VGA MP,8 MP,Yes,Yes,"Fingerprint, Accelerometer, Compass",5000 mAh,"Glass Blue, Glass Green","₹ 11,499",https://rukminim2.flixcart.com/image/850/1000/xif0q/mobile/o/h/k/blaze-2-5g-blaze-2-5g-lava-original-imaguztezhnftzhb.jpeg?q=90&crop=false
Poco,X5 Pro 5G,1080 x 2400 (AMOLED),Android 12,Octa-core,Snapdragon 778G,Adreno 642L,128 GB,128 GB,6 GB,108+8+2 MP,16 MP,Yes,Yes,"Fingerprint, Accelerometer, Gyro",5000 mAh,"Astral Black, Horizon Blue","₹ 22,999",https://rukminim2.flixcart.com/image/850/1000/xif0q/mobile/a/x/j/-original-imagmkjfhzjhfhhe.jpeg?q=90&crop=false
Samsung,Galaxy A15 5G,1080 x 2340 (Super AMOLED),Android 14,Octa-core,Dimensity 6100+,Mali-G57 MC2,128 GB,128 GB,6 GB,50+5+2 MP,13 MP,Yes,Yes,"Fingerprint, Accelerometer, Compass",5000 mAh,"Light Blue, Blue Black","₹ 14,999","https://m.media-amazon.com/images/I/71+0MKV37HL._AC_UF1000,1000_QL80_.jpg"
Realme,C67 5G,1080 x 2400 (IPS LCD),Android 13,Octa-core,Dimensity 6100+,Mali-G57 MC2,128 GB,128 GB,4 GB,50+2 MP,8 MP,Yes,Yes,"Fingerprint, Proximity, Light Sensor",5000 mAh,"Sunny Oasis, Dark Purple","₹ 13,499",https://rukminim2.flixcart.com/image/850/1000/xif0q/mobile/q/k/f/-original-imagw3rhccszrram.jpeg?q=90&crop=false
Infinix,Zero 5G 2023,1080 x 2460 (IPS LCD),Android 12,Octa-core,Dimensity 920,Mali-G68 MC4,128 GB,128 GB,8 GB,50+2+2 MP,16 MP,Yes,Yes,"Fingerprint, Accelerometer, Gyro",5000 mAh,"Pearly White, Coral Orange","₹ 12,999",https://rukminim2.flixcart.com/image/850/1000/xif0q/mobile/p/z/f/-original-imagmhszmch497en.jpeg?q=90&crop=false
Vivo,Y200 5G,1080 x 2400 (AMOLED),Android 13,Octa-core,Snapdragon 4 Gen 1,Adreno 619,128 GB,128 GB,8 GB,64+2 MP,16 MP,Yes,No,"Fingerprint, Compass, Accelerometer",4800 mAh,"Desert Gold, Jungle Green","₹ 21,999",https://m.media-amazon.com/images/I/61Odyve0+VL.jpg
iQOO,Z7 5G,1080 x 2400 (AMOLED),Android 13,Octa-core,Dimensity 920,Mali-G68 MC4,128 GB,128 GB,6 GB,64 MP (OIS),16 MP,Yes,Yes,"Fingerprint, Accelerometer, Light Sensor",4500 mAh,"Norway Blue, Pacific Night","₹ 18,999","https://m.media-amazon.com/images/I/61Id6WJDWqL._AC_UF1000,1000_QL80_.jpg"
Motorola,Edge 40 Neo,1080 x 2400 (P-OLED),Android 13,Octa-core,Dimensity 7030,Mali-G610 MC3,128 GB,128 GB,8 GB,50+13 MP,32 MP,Yes,No,"Fingerprint, Compass, Barometer",5000 mAh,"Caneel Bay, Black Beauty","₹ 23,999",https://rukminim2.flixcart.com/image/850/1000/xif0q/mobile/p/r/r/edge-40-neo-payj0002in-motorola-original-imagtkzh8zrvp3uj.jpeg?q=90&crop=false
Tecno,Camon 20 Pro 5G,1080 x 2400 (AMOLED),Android 13,Octa-core,Dimensity 8050,Mali-G77 MC9,128 GB,128 GB,8 GB,64+2+AI MP,32 MP,Yes,Yes,"Fingerprint, Accelerometer, Proximity",5000 mAh,"Serenity Blue, Dark Welkin","₹ 18,999","https://m.media-amazon.com/images/I/712KUiu03SL._AC_UF1000,1000_QL80_.jpg"
Lava,Agni 2 5G,1080 x 2400 (AMOLED),Android 13,Octa-core,Dimensity 7050,Mali-G68 MC4,128 GB,128 GB,8 GB,50+8+2+2 MP,16 MP,Yes,Yes,"Fingerprint, Gyro, Compass",4700 mAh,"Glass Viridian, Heather Glass","₹ 19,999","https://m.media-amazon.com/images/I/61OBw+XUiuL._AC_UF1000,1000_QL80_DpWeblab_.jpg"
Poco,M6 Pro 5G,1080 x 2460 (IPS LCD),Android 13,Octa-core,Snapdragon 4 Gen 2,Adreno 613,64 GB,64 GB,4 GB,50+2 MP,8 MP,Yes,Yes,"Fingerprint, Accelerometer, Compass",5000 mAh,"Power Black, Forest Green","₹ 10,999",https://m.media-amazon.com/images/I/51dGqSFNrDL.jpg
Samsung,Galaxy M14 5G,1080 x 2408 (PLS LCD),Android 13,Octa-core,Exynos 1330,Mali-G68 MP2,128 GB,128 GB,6 GB,50+2+2 MP,13 MP,Yes,Yes,"Fingerprint, Light Sensor, Proximity",6000 mAh,"Berry Blue, Smoky Teal","₹ 13,490",https://m.media-amazon.com/images/I/81pmO0iVNhL.jpg
OnePlus,Nord CE 3 5G,1080 x 2412 (AMOLED),Android 13,Octa-core,Snapdragon 782G,Adreno 642L,128 GB,128 GB,8 GB,50+8+2 MP,16 MP,Yes,No,"Fingerprint, Accelerometer, Compass",5000 mAh,"Aqua Surge, Gray Shimmer","₹ 26,999",https://m.media-amazon.com/images/I/61QvnKugRuL.jpg
Xiaomi,Redmi Note 13 5G,1080 x 2400 (AMOLED),Android 13,Octa-core,Dimensity 6100+,Mali-G57 MC2,128 GB,128 GB,6 GB,50+2 MP,16 MP,Yes,Yes,"Fingerprint, Light Sensor, Compass",5000 mAh,"Arctic White, Prism Gold","₹ 16,999","https://m.media-amazon.com/images/I/71VW8LmqqPL._AC_UF1000,1000_QL80_.jpg"
Motorola,G73 5G,1080 x 2400 (IPS LCD),Android 13,Octa-core,Dimensity 930,IMG BXM-8-256,128 GB,128 GB,8 GB,50+8 MP,16 MP,Yes,Yes,"Fingerprint, Gyro, Compass",5000 mAh,"Lucent White, Midnight Blue","₹ 18,999",https://m.media-amazon.com/images/I/61HKZ+HhbpL.jpg
Samsung,Galaxy F14 5G,1080 x 2408 (PLS LCD),Android 13,Octa-core,Exynos 1330,Mali-G68 MP2,128 GB,128 GB,6 GB,50+2 MP,13 MP,Yes,Yes,"Fingerprint, Accelerometer, Compass",6000 mAh,"GOAT Green, OMG Black","₹ 11,990",https://rukminim2.flixcart.com/image/850/1000/xif0q/mobile/k/2/x/-original-imagtyxg7mdjhfqm.jpeg?q=90&crop=false
Realme,Narzo 60 5G,1080 x 2412 (AMOLED),Android 13,Octa-core,Dimensity 6020,Mali-G57 MC2,128 GB,128 GB,8 GB,64 MP,16 MP,Yes,No,"Fingerprint, Gyroscope, Compass",5000 mAh,"Mars Orange, Cosmic Black","₹ 17,999","https://m.media-amazon.com/images/I/8195A49fZbL._AC_UF1000,1000_QL80_.jpg"
iQOO,Z6 Lite 5G,1080 x 2408 (IPS LCD),Android 12,Octa-core,Snapdragon 4 Gen 1,Adreno 619,128 GB,128 GB,6 GB,50+2 MP,8 MP,Yes,Yes,"Fingerprint, Proximity, Compass",5000 mAh,"Stellar Green, Mystic Night","₹ 13,999",https://m.media-amazon.com/images/I/61VbKHdE0rL.jpg
Tecno,Pova 5 Pro 5G,1080 x 2460 (IPS LCD),Android 13,Octa-core,Dimensity 6080,Mali-G57 MC2,128 GB,128 GB,8 GB,50+AI Lens,16 MP,Yes,Yes,"Fingerprint, Gyro, Accelerometer",5000 mAh,"Silver Fantasy, Dark Illusion","₹ 14,999","https://m.media-amazon.com/images/I/61jmM8GL9BL._AC_UF1000,1000_QL80_.jpg"
Lava,Blaze 5G,720 x 1600 (IPS LCD),Android 12,Octa-core,Dimensity 6020,Mali-G57 MC2,128 GB,128 GB,4 GB,50+2+VGA MP,8 MP,Yes,Yes,"Fingerprint, Compass, Accelerometer",5000 mAh,"Glass Green, Glass Blue","₹ 11,499",https://m.media-amazon.com/images/I/71njYBRXRzL.jpg
Poco,X5 5G,1080 x 2400 (AMOLED),Android 12,Octa-core,Snapdragon 695,Adreno 619,128 GB,128 GB,6 GB,48+8+2 MP,13 MP,Yes,Yes,"Fingerprint, Gyroscope, Proximity",5000 mAh,"Supernova Green, Wildcat Blue","₹ 18,999",https://m.media-amazon.com/images/I/61pbZD5LubL.jpg
Vivo,T2 5G,1080 x 2400 (AMOLED),Android 13,Octa-core,Snapdragon 695,Adreno 619,128 GB,128 GB,6 GB,64+2 MP,16 MP,Yes,Yes,"Fingerprint, Light, Proximity Sensor",4500 mAh,"Nitro Blaze, Velocity Wave","₹ 15,999",https://rukminim2.flixcart.com/image/850/1000/xif0q/mobile/u/1/h/-original-imagpfbvfu4p55n4.jpeg?q=20&crop=false
Xiaomi Redmi Note 10,M2101K6G,1080x2400,Android 11,Octa-core,Qualcomm SM7125,Adreno 618,64 GB,64GB,4GB,48MP + 8MP + 2MP + 2MP,13MP,Yes,Yes,"Fingerprint (side-mounted), gyro, proximity",5000mAh,"Onyx Gray, Frost White, Ocean Blue","₹ 12,000",https://rukminim2.flixcart.com/image/850/1000/kmax8y80/mobile/i/x/4/note-10-mzb084jlk1-redmi-original-imagf8hpyzz27s4x.jpeg?q=90&crop=false
Samsung Galaxy M32,SM-M325F,1080x2400,Android 11,Octa-core,MediaTek Helio G80,Mali-G52 MC2,128 GB,128GB,6GB,64MP + 8MP + 2MP + 2MP,20MP,Yes,Yes,"Fingerprint (side-mounted), gyro, compass",6000mAh,"Light Blue, Black","₹ 15,000",https://m.media-amazon.com/images/I/41qDjqckzrS.jpg
Realme Narzo 30,RMX2156,1080x2400,Android 11,Octa-core,MediaTek Helio G95,Mali-G76 MC4,64 GB,64GB,4GB,48MP + 2MP,16MP,Yes,Yes,"Fingerprint (side-mounted), gyro, proximity",5000mAh,"Racing Silver, Racing Blue","₹ 13,000","https://m.media-amazon.com/images/I/61mvtAvz8IL._AC_UF1000,1000_QL80_.jpg"
Poco X3 Pro,M2102J20SG,1080x2400,Android 11,Octa-core,Qualcomm SM7325,Adreno 618,128 GB,128GB,6GB,48MP + 8MP + 2MP + 2MP,20MP,Yes,Yes,"Fingerprint (side-mounted), gyro, compass",5160mAh,"Phantom Black, Metal Bronze","₹ 17,000","https://m.media-amazon.com/images/I/619+P-ohz3L._AC_UF1000,1000_QL80_.jpg"
Samsung Galaxy A12,SM-A125F,720x1600,Android 10,Octa-core,MediaTek Helio P35,PowerVR GE8320,64 GB,64GB,4GB,48MP + 5MP + 2MP + 2MP,8MP,Yes,Yes,"Fingerprint (side-mounted), gyro, proximity",5000mAh,"White, Black, Blue","₹ 10,000",https://rukminim3.flixcart.com/image/850/1000/krz97rk0/mobile/u/f/3/galaxy-a12-exynos-850-sm-a127fzkjins-samsung-original-imag5n52asnfsezq.jpeg?q=90&crop=false
Vivo Y20,V2029,720x1600,Android 10,Octa-core,Qualcomm SDM460,Adreno 610,64 GB,64GB,4GB,13MP + 2MP + 2MP,8MP,Yes,Yes,"Fingerprint (side-mounted), gyro, proximity",5000mAh,"Phantom Blue, Dawn White, Obsidian Black","₹ 11,000",https://encrypted-tbn0.gstatic.com/images?q=tbn:ANd9GcSb3DnoI81ESNKtwaKWC8GE-BOQiRydcHxJPg&s
Infinix Hot 10,X692,720x1640,Android 10,Octa-core,MediaTek Helio G70,Mali-G52 2EEMC2,64 GB,64GB,4GB,16MP + 2MP + 2MP + QVGA,8MP,Yes,Yes,"Fingerprint (side-mounted), gyro, proximity",5200mAh,"Obsidian Black, Mist Blue","₹ 9,000",https://m.media-amazon.com/images/I/41HwTecN3kL.jpg
Realme C25,RMX3193,720x1600,Android 11,Octa-core,MediaTek Helio G70,Mali-G52 MC2,64 GB,64GB,4GB,48MP + 2MP + 2MP,8MP,Yes,Yes,"Fingerprint (rear-mounted), gyro, proximity",6000mAh,"Water Blue, Water Gray","₹ 11,000",https://rukminim3.flixcart.com/image/850/1000/kn7sdjk0/mobile/e/v/i/c25-rmx3193-realme-original-imagfxftjtcmgfyf.jpeg?q=90&crop=false
Motorola Moto G10,XT2127-1,720x1600,Android 11,Octa-core,Qualcomm SM6115,Adreno 610,64 GB,64GB,4GB,48MP + 8MP + 2MP + 2MP,8MP,Yes,Yes,"Fingerprint (rear-mounted), gyro, proximity",5000mAh,"Aurora Blue, Volcanic Gray","₹ 12,000",https://rukminim2.flixcart.com/image/850/1000/klzhq4w0/mobile/m/4/u/g10-power-pamr0000in-pamr0007in-pamr0009in-motorola-original-imagyyvxmby3hhwn.jpeg?q=90&crop=false
Samsung,Galaxy S22,1080 x 2340 (Dynamic AMOLED 2X),Android 12,Octa-core,Snapdragon 8 Gen 1,Adreno 730,256 GB,256 GB,8 GB,50+10+12 MP,10 MP,Yes,No,"Fingerprint, Gyro, Proximity",3700 mAh,"Phantom Black, Phantom White","₹ 72,999",https://cdn.storech.com/uploads/products/000/000/000/000/017/306/300_1654862304-s22-plus-violet-2-sides.png
Samsung,Galaxy S23,1080 x 2340 (Dynamic AMOLED 2X),Android 13,Octa-core,Snapdragon 8 Gen 2,Adreno 740,256 GB,256 GB,8 GB,50+10+12 MP,12 MP,Yes,No,"Fingerprint, Gyro, Proximity",3900 mAh,"Cream, Green, Phantom Black","₹ 74,999",https://www.dateks.lv/images/pic/2400/2400/828/1371.jpg
Samsung,Galaxy S24,1440 x 3200 (Dynamic AMOLED 2X),Android 14,Octa-core,Snapdragon 8 Gen 3,Adreno 750,512 GB,512 GB,12 GB,200+12+12 MP,12 MP,Yes,No,"Fingerprint, Gyro, Compass, Proximity",4000 mAh,"Onyx Black, Marble Grey","₹ 79,999",https://microless.com/cdn/products/c8e73ca8209abd1828827ffed8159b77-hi.jpg
Samsung,Galaxy S25,1440 x 3200 (Dynamic AMOLED 2X),Android 15,Octa-core,Snapdragon 8 Gen 4,Adreno 760,512 GB,512 GB,12 GB,200+20+12 MP,16 MP,Yes,No,"Fingerprint, Gyro, Compass, Proximity",4200 mAh,"Graphite Black, Misty Blue","₹ 82,999",https://media-ik.croma.com/prod/https://media.croma.com/image/upload/v1737619645/Croma%20Assets/Communication/Mobiles/Images/313347_0_jyrl1c.png
OPPO,Reno 14 Pro 5G,1080 x 2400 (OLED),Android 15,Octa-core,MediaTek Dimensity 8450,Mali-G710 MC10,1 TB,512 GB,16 GB,50MP (Main) + 50MP (Periscope) + 50MP (Ultra-wide),50MP,Yes,No,"Fingerprint, Gyro, Compass, Proximity",6200 mAh,"Reef Black, Mermaid, Calla Lily Purple","₹ 41,990",https://fdn.gsmarena.com/imgroot/news/25/05/oppo-reno14-reno14-pro-announcement/popup/-1200x1200m/gsmarena_003.jpg
OPPO,Reno 14 5G,1080 x 2400 (OLED),Android 15,Octa-core,MediaTek Dimensity 8350,Mali-G610 MC6, 512 GB,256 GB,12 GB,50MP (Main) + 8MP (Ultra-wide),50MP,Yes,No,"Fingerprint, Gyro, Proximity",6000 mAh,"Reef Black, Mermaid, Calla Lily Purple","₹ 32,990",https://fdn.gsmarena.com/imgroot/news/25/05/oppo-reno14-reno14-pro-announcement/popup/-1200x1200m/gsmarena_002.jpg
OPPO,A5 Pro 5G,1080 x 2400 (LCD),Android 14,Octa-core,Snapdragon 6s Gen 1,Adreno 619,256 GB,128 GB,8 GB,50MP (Main) + 2MP (Depth),5MP,Yes,Yes,"Fingerprint, Accelerometer, Proximity",6000 mAh,"Aurora Green, Mist White, Midnight Purple","₹ 17,999",https://oppo-nederland.store/cdn/shop/files/00-OPPO_A5_Pro_5G_BlackBrown-FrontBack-2500x2500_31bcb81c-d252-4832-b47d-96453bd1446b.webp?v=1744192824&width=1946
OPPO,K13 5G,1080 x 2400 (LCD),Android 14,Octa-core,MediaTek Dimensity 6300,Mali-G57 MC2,256 GB,128 GB,8 GB,50MP (Main) + 2MP (Depth),8MP,Yes,Yes,"Fingerprint, Accelerometer, Proximity",7000 mAh,"Icy Purple, Prism Black","₹ 17,999",https://rukminim2.flixcart.com/image/850/1000/xif0q/mobile/f/k/e/-original-imahbfd4zqn9zazz.jpeg?q=90&crop=false
OPPO,F29 Pro 5G,1080 x 2400 (AMOLED),Android 14,Octa-core,MediaTek Dimensity 7050,Mali-G68 MC4,512 GB,256 GB,12 GB,64MP (Main) + 2MP (Depth),32MP,Yes,No,"Fingerprint, Gyro, Compass, Proximity",5000 mAh,"Marble White, Glowing Black","₹ 25,499",https://m.media-amazon.com/images/I/81a24Tvr+BL.jpg
Vivo,V50 Elite Edition,1080 x 2400 (AMOLED),Android 15,Octa-core,Snapdragon 7 Gen 3,Adreno 720,512 GB,512 GB,12 GB,50 MP (OIS),50 MP,Yes,No,"Fingerprint, Gyro, Compass, Proximity",6000 mAh,Rose Red,"₹ 41,999",https://rukminim2.flixcart.com/image/850/1000/xif0q/mobile/v/z/r/-original-imahc6hdfzgzczzj.jpeg?q=90&crop=false
Vivo,V50,1080 x 2400 (AMOLED),Android 15,Octa-core,Snapdragon 7 Gen 3,Adreno 720,128 GB,128 GB,8 GB,50 MP + 50 MP,50 MP,Yes,No,"Fingerprint, Gyro, Proximity",6000 mAh,Starry Night,"₹ 34,999",https://rukminim2.flixcart.com/image/850/1000/xif0q/mobile/v/z/r/-original-imahc6hdfzgzczzj.jpeg?q=90&crop=false
Vivo,V50e,1080 x 2400 (AMOLED),Android 15,Octa-core,MediaTek Dimensity 7300,Mali-G610,128 GB,128 GB,8 GB,50 MP + 8 MP,50 MP,Yes,No,"Fingerprint, Gyro, Proximity",5600 mAh,Sapphire Blue,"₹ 28,999",https://m.media-amazon.com/images/I/71iVGB7GqEL.jpg
Vivo,T4,1080 x 2400 (AMOLED),Android 15,Octa-core,Snapdragon 7s Gen 3,Adreno 720,128 GB,128 GB,8 GB,50 MP + 2 MP,32 MP,Yes,No,"Fingerprint, Gyro, Proximity",7300 mAh,Phantom Grey,"₹ 21,999",https://rukminim2.flixcart.com/image/850/1000/xif0q/mobile/j/f/0/-original-imahbgqyz5sqhwq9.jpeg?q=90&crop=false
Vivo,T4x 5G,1080 x 2400 (LCD),Android 15,Octa-core,MediaTek Dimensity 7300,Mali-G610,128 GB,128 GB,6 GB,50 MP + 2 MP,8 MP,Yes,Yes,"Fingerprint, Accelerometer, Proximity",6500 mAh,Marina Blue,"₹ 14,999",https://m.media-amazon.com/images/I/81eJJYFsztL.jpg
Vivo,Y29 5G,1080 x 2400 (LCD),Android 14,Octa-core,MediaTek Dimensity 6300,Mali-G57,128 GB,128 GB,4 GB,50 MP + 0.08 MP,8 MP,Yes,Yes,"Fingerprint, Accelerometer, Proximity",5500 mAh,Titanium Gold,"₹ 13,999",https://rukminim2.flixcart.com/image/850/1000/xif0q/mobile/x/r/e/-original-imah7tz3ryzkah9j.jpeg?q=90&crop=false
Vivo,X200 Pro,1260 x 2800 (LTPO AMOLED),Android 15,Octa-core,MediaTek Dimensity 9400,Mali-G720,512 GB,512 GB,16 GB,50 MP + 50 MP + 200 MP,32 MP,Yes,No,"Fingerprint, Gyro, Compass, Proximity",6000 mAh,Cosmic Black,"₹ 89,990",https://rukminim2.flixcart.com/image/850/1000/xif0q/mobile/v/p/8/x200-pro-5g-v2413-vivo-original-imah7btsxgazhehr.jpeg?q=90&crop=false
Vivo,X200,1260 x 2800 (AMOLED),Android 15,Octa-core,MediaTek Dimensity 9400,Mali-G720,256 GB,256 GB,12 GB,50 MP + 50 MP + 50 MP,32 MP,Yes,No,"Fingerprint, Gyro, Compass, Proximity",5800 mAh,Cosmic Black,"₹ 65,999",https://rukminim2.flixcart.com/image/850/1000/xif0q/mobile/o/u/f/x200-5g-v2415-vivo-original-imah7btsshxqwxsn.jpeg?q=90&crop=false
Vivo,X200 FE,1.5K (LTPO OLED),Android 15,Octa-core,MediaTek Dimensity 9300 Plus,Mali-G720,256 GB,256 GB,12 GB,50 MP + 8 MP + 50 MP,50 MP,Yes,No,"Fingerprint, Gyro, Compass, Proximity",6500 mAh,Arctic White,"₹ 55,000",https://www.gizmochina.com/wp-content/uploads/2025/01/Oppo-Find-N5-mock-render-966x1024.jpg
iQOO,Neo 10 Pro+,1440 x 3200 (2K OLED),Android 15,Octa-core,Snapdragon 8 Elite,Adreno 750,512 GB,512 GB,16 GB,50 MP (Main) + 50 MP (Ultra-wide),32 MP,Yes,No,"Fingerprint, Gyro, Compass, Proximity",7000 mAh,"Shi Guang White, Shadow Black, Super Pixel","₹ 49,999",https://cdn1.smartprix.com/rx-igSanJVKY-w1200-h1200/gSanJVKY.webp
iQOO,Neo 10,1260 x 2800 (AMOLED),Android 15,Octa-core,Snapdragon 8s Gen 4,Adreno 740,256 GB,256 GB,12 GB,50 MP (Main) + 8 MP (Ultra-wide),16 MP,Yes,No,"Fingerprint, Gyro, Proximity",7000 mAh,"Titanium Chrome, Inferno Red","₹ 34,999",https://cdn.phonebunch.com/news-images/2025/05/iQOO-Neo-10-design-colors-India-teaser.webp
iQOO,Neo 10R,1260 x 2800 (AMOLED),Android 15,Octa-core,Snapdragon 8s Gen 3,Adreno 730,128 GB,128 GB,8 GB,50 MP (Main) + 8 MP (Ultra-wide),32 MP,Yes,No,"Fingerprint, Gyro, Proximity",6400 mAh,Phantom Black,"₹ 26,999","https://m.media-amazon.com/images/I/61wL8Qbo0HL._AC_UF1000,1000_QL80_.jpg"
iQOO,Z10,1080 x 2392 (AMOLED),Android 15,Octa-core,Snapdragon 7s Gen 3,Adreno 720,256 GB,256 GB,12 GB,50 MP (Main) + 2 MP (Depth),32 MP,Yes,No,"Fingerprint, Gyro, Proximity",7300 mAh,"Arctic Blue, Midnight Black","₹ 21,999",https://m.media-amazon.com/images/I/61Mo3yv431L.jpg
iQOO,Z10x,1080 x 2408 (LCD),Android 15,Octa-core,MediaTek Dimensity 7300,Mali-G610,128 GB,128 GB,6 GB,50 MP (Main) + 2 MP (Depth),8 MP,Yes,Yes,"Fingerprint, Accelerometer, Proximity",6500 mAh,"Aurora Green, Mist White","₹ 13,499","https://m.media-amazon.com/images/I/61HEAjUp1tL._AC_UF1000,1000_QL80_.jpg"
Motorola,Razr 60 Ultra,1080 x 2640 (Foldable AMOLED),Android 15,Octa-core,Snapdragon 8 Elite,Adreno 750,512 GB,512 GB,12 GB,50 MP + 50 MP,50 MP,Yes,No,"Fingerprint, Gyro, Compass, Proximity",4700 mAh,"Infinite Black, Glacier Blue","₹ 31,999",https://images.fonearena.com/blog/wp-content/uploads/2025/05/motorola-razr-60-ultra.jpg
Motorola,Edge 60 Ultra,1220 x 2780 (OLED),Android 15,Octa-core,Snapdragon 8 Elite,Adreno 750,512 GB,512 GB,12 GB,200 MP + 50 MP + 50 MP,60 MP,Yes,No,"Fingerprint, Gyro, Compass, Proximity",4600 mAh,"Phantom Black, Aurora Green","₹ 69,990",https://motorolain.vtexassets.com/arquivos/ids/159478-800-auto?width=800&height=auto&aspect=true
Motorola,Edge 60 Pro,1220 x 2712 (pOLED),Android 15,Octa-core,MediaTek Dimensity 8350 Extreme,Mali-G610,256 GB,256 GB,12 GB,50 MP + 50 MP + 10 MP,50 MP,Yes,No,"Fingerprint, Gyro, Compass, Proximity",6000 mAh,"Dazzling Blue, Sparkling Grape, Shadow","₹ 33,999",https://suprememobiles.in/cdn/shop/files/Motorolaedge60Pro-6000mAhBattery_482a1343-f82f-4c0d-aec3-e6b8a7e12a80.webp?v=1746880081
Motorola,Edge 60 Fusion,1080 x 2400 (P-OLED),Android 15,Octa-core,MediaTek Dimensity 7400,Mali-G610,256 GB,256 GB,8 GB,50 MP + 13 MP,32 MP,Yes,No,"Fingerprint, Gyro, Proximity",5500 mAh,"Cosmic Grey, Electric Blue","₹ 24,185",https://m.media-amazon.com/images/I/51Pn4n+C2gL.jpg
Motorola,Edge 60 Stylus,1080 x 2400 (P-OLED),Android 15,Octa-core,Snapdragon 7s Gen 2,Adreno 710,256 GB,256 GB,8 GB,50 MP + 13 MP,32 MP,Yes,Yes,"Fingerprint, Gyro, Proximity",5000 mAh,"Midnight Black, Pearl White","₹ 22,999","https://static.toiimg.com/thumb/resizemode-4,msid-110178479,width-1070/110178479.jpg"
Motorola,Edge 50 Ultra,1080 x 2400 (P-OLED),Android 14,Octa-core,Snapdragon 8s Gen 3,Adreno 740,512 GB,512 GB,12 GB,50 MP + 50 MP + 64 MP,50 MP,Yes,No,"Fingerprint, Gyro, Compass, Proximity",4500 mAh,"Forest Green, Cosmic Black","₹ 48,300",https://motorolain.vtexassets.com/arquivos/ids/159290/moto-milos-ecom-render-01-slipstream-.png.png?v=638782376140130000
Motorola,Edge 50 Pro,1080 x 2400 (P-OLED),Android 14,Octa-core,Snapdragon 7 Gen 3,Adreno 720,256 GB,256 GB,8 GB,50 MP + 13 MP + 10 MP,50 MP,Yes,No,"Fingerprint, Gyro, Compass, Proximity",4500 mAh,"Lunar Blue, Solar Gold","₹ 30,980","https://static.toiimg.com/thumb/resizemode-4,msid-109002277,width-1070,imgv-1/109002277.jpg"
Motorola,Edge 50 Fusion,1080 x 2400 (P-OLED),Android 14,Octa-core,Snapdragon 7s Gen 2,Adreno 710,128 GB,128 GB,8 GB,50 MP + 13 MP,32 MP,Yes,Yes,"Fingerprint, Gyro, Proximity",5000 mAh,"Nebula Green, Stellar Black","₹ 19,700",https://suprememobiles.in/cdn/shop/files/motorolaedge50fusion-5000mAh.png?v=1747388813
Motorola,Edge 50 Neo,1080 x 2400 (P-OLED),Android 14,Octa-core,MediaTek Dimensity 7300,Mali-G610,256 GB,256 GB,8 GB,50 MP + 13 MP + 10 MP,32 MP,Yes,Yes,"Fingerprint, Gyro, Proximity",4310 mAh,"Aqua Blue, Graphite Grey","₹ 20,875",https://rukminim2.flixcart.com/image/850/1000/xif0q/mobile/o/x/w/edge-50-pb2w0001in-motorola-original-imah3anbhkbjgqtk.jpeg?q=90&crop=false
Motorola,Moto G85 5G,1080 x 2400 (P-OLED),Android 14,Octa-core,Snapdragon 6s Gen 3,Adreno 610,128 GB,128 GB,8 GB,50 MP + 8 MP,32 MP,Yes,Yes,"Fingerprint, Accelerometer, Proximity",5000 mAh,"Arctic Silver, Midnight Blue","₹ 15,999",https://rukminim2.flixcart.com/image/850/1000/xif0q/mobile/n/l/u/-original-imah2fjd7wfd9ksh.jpeg?q=90&crop=false
Motorola,Moto G45 5G,1080 x 2400 (IPS LCD),Android 14,Octa-core,Snapdragon 6s Gen 3,Adreno 610,128 GB,128 GB,4 GB,50 MP + 2 MP,16 MP,Yes,Yes,"Fingerprint, Accelerometer, Proximity",5000 mAh,"Frosted Silver, Ink Blue","₹ 10,990",https://m.media-amazon.com/images/I/81nbqAPGLKL.jpg
OnePlus,13,"2772 x 1240 (6.32"" LTPO AMOLED)",Android 15 (OxygenOS 15),Octa-core,Snapdragon 8 Elite,Adreno 750,512 GB,512 GB,16 GB,50 MP (Main) + 50 MP (Telephoto),16 MP,Yes,No,"Fingerprint, Gyro, Compass, Proximity",6260 mAh,"Black Velvet, Pink Satin, Green Silk","₹ 66,990",https://image01-in.oneplus.net/media/202412/17/052a246708df8233d079b3502aeeb327.png
OnePlus,13,"3168 x 1440 (6.82"" LTPO AMOLED)",Android 15 (OxygenOS 15),Octa-core,Snapdragon 8 Elite,Adreno 750,256 GB ,256 GB ,12 GB ,50 MP + 50 MP + 50 MP,32 MP,Yes,No,"Fingerprint, Gyro, Compass, Proximity",6000 mAh,"Arctic Dawn, Black Eclipse, Midnight Ocean","₹ 56,998",https://image01-in.oneplus.net/media/202412/17/0c0b713df5d1f8f99b52956a17182bfc.png
OnePlus,13R,"2780 x 1264 (6.78"" LTPO AMOLED)",Android 15 (OxygenOS 15),Octa-core,Snapdragon 8 Gen 3,Adreno 740,256 GB ,256 GB ,12 GB,50 MP + 8 MP + 50 MP,16 MP,Yes,No,"Fingerprint, Gyro, Compass, Proximity",6000 mAh,"Astral Trail, Nebula Noir","₹ 42,998",https://media.croma.com/image/upload/v1736254154/Croma%20Assets/Communication/Mobiles/Images/312539_0_ghywqe.png
OnePlus,12,"3168 x 1440 (6.82"" LTPO AMOLED)",Android 14 (OxygenOS 14),Octa-core,Snapdragon 8 Gen 3,Adreno 740,256 GB,256 GB,12 GB,50 MP + 48 MP + 64 MP,32 MP,Yes,No,"Fingerprint, Gyro, Compass, Proximity",5400 mAh,"Emerald Green, Silky Black","₹ 51,998",https://oasis.opstatics.com/content/dam/oasis/page/2023/cn/12/12-whtie.png
OnePlus,12R,"2780 x 1264 (6.78"" LTPO AMOLED)",Android 14 (OxygenOS 14),Octa-core,Snapdragon 8 Gen 2,Adreno 730,128 GB ,128 GB ,8 GB ,50 MP + 8 MP + 2 MP,16 MP,Yes,No,"Fingerprint, Gyro, Compass, Proximity",5500 mAh,"Iron Gray, Cool Blue","₹ 36,999","https://m.media-amazon.com/images/I/717JX3femML._AC_UF1000,1000_QL80_.jpg"
OnePlus,Nord 4 5G,"2400 x 1080 (6.74"" AMOLED)",Android 14 (OxygenOS 14),Octa-core,Snapdragon 7 Gen 3,Adreno 720,256 GB,256 GB,8 GB,50 MP + 8 MP,16 MP,Yes,No,"Fingerprint, Gyro, Proximity",5000 mAh,"Misty Gray, Tempest Blue","₹ 29,998","https://m.media-amazon.com/images/I/61NbiB1GU-L._AC_UF1000,1000_QL80_.jpg"
OnePlus,Nord CE4,"2400 x 1080 (6.7"" AMOLED)",Android 14 (OxygenOS 14),Octa-core,Snapdragon 7 Gen 3,Adreno 720,128 GB ,128 GB ,8 GB,50 MP + 8 MP,16 MP,Yes,Yes,"Fingerprint, Gyro, Proximity",5500 mAh,"Celadon Marble, Dark Chrome","₹ 21,990",https://m.media-amazon.com/images/I/41bkMtA7usL.jpg
OnePlus,Nord CE4 Lite 5G,"2400 x 1080 (6.67"" AMOLED)",Android 14 (OxygenOS 14),Octa-core,Snapdragon 695,Adreno 619,128 GB,128 GB,6 GB,50 MP + 2 MP,16 MP,Yes,Yes,"Fingerprint, Gyro, Proximity",5500 mAh,"Mega Blue, Super Silver","₹ 17,998",https://media-ik.croma.com/prod/https://media.croma.com/image/upload/v1740665848/Croma%20Assets/Communication/Mobiles/Images/307504_0_ivzvgp.png
Apple,iPhone 14 plus,1170 x 2532 (OLED),iOS 16,Hexa-core,Apple A15 Bionic,Apple GPU (5-core),128 GB,128 GB,6 GB,12+12 MP,12 MP,Yes,No,"Face ID, Gyro, Accelerometer",3279 mAh,"Red, Blue, Purple, Midnight, Starlight, Yellow","₹ 59,999",https://encrypted-tbn0.gstatic.com/images?q=tbn:ANd9GcTTd0rIlGGRyBoUSQIiygUD8piJHWASJ7u-qg&s
Apple,iPhone 15,"1179 x 2556 (OLED, Super Retina XDR)",iOS 17,Hexa-core,Apple A16 Bionic,Apple GPU (5-core),128 GB,128 GB,6 GB,48+12 MP,12 MP,Yes,No,"Face ID, Gyro, Accelerometer",3349 mAh,"Black, Blue, Green, Yellow, Pink","₹ 50,900","https://m.media-amazon.com/images/I/71d7rfSl0wL._AC_UF1000,1000_QL80_DpWeblab_.jpg"
Apple,iPhone 16,"1179 x 2556 (OLED, Super Retina XDR)",iOS 18 ,Hexa-core,Apple A18 Bionic (Expected),Apple GPU (6-core Expected),128 GB,128 GB,6 GB,48+12 MP,12 MP,Yes,No,"Face ID, Gyro, Accelerometer, AI sensors (Expected)",3400–3500 mAh,TBD (Pastel Shades Expected),"₹ 84,900",https://rukminim2.flixcart.com/image/850/1000/xif0q/mobile/g/v/p/-original-imah4jyfveygyubc.jpeg?q=90&crop=false
Apple,iPhone 12,1170 x 2532 (OLED),iOS 18,Hexa-core,Apple A14 Bionic,Apple GPU (4-core),128 GB,128 GB,4 GB,12+12 MP,12 MP,Yes,No,"Face ID, Gyro, Accelerometer",3240 mAh,"Red, Blue, Pink, Green, Midnight, Starlight","₹ 35,000",https://m.media-amazon.com/images/I/51-ZD+JBZ7L.jpg
Apple,iphone 12 pro,2532 x 1170,iOS 18,Hexa-core,Apple A14 Bionic,Apple GPU (6-core Expected),256 GB,256 GB,4 GB,12+12+12 MP,12 MP,Yes,No,"Face ID, Gyro, Accelerometer",3241 mAh,"Red, Blue, Pink, Green, Midnight, Starlight","₹ 1,00,000",https://encrypted-tbn0.gstatic.com/images?q=tbn:ANd9GcS6aUqJB9Bx4k7VsTUW7fgz3lYWQce4zl2fNg&s
Apple,iphone 12 pro max,2532 x 1170,iOS 18,Hexa-core,Apple A14 Bionic,Apple GPU (6-core Expected),256 GB,256 GB,6 GB,12+12+12 MP,12 MP,Yes,No,"Face ID, Gyro, Accelerometer",3242 mAh,"Red, Blue, Pink, Green, Midnight, Starlight","₹ 1,02,000",https://ola.tech/wp-content/uploads/iphone-12-pro-max-graphite.webp
Apple,iphone 13 pro,2532 x 1170,iOS 18,Hexa-core,Apple A15 Bionic,Apple GPU (6-core Expected),512 GB,512 GB,6 GB,12+12+12 MP,12 MP,Yes,No,"Face ID, Gyro, Accelerometer",3243 mAh,"Red, Blue, Pink, Green, Midnight, Starlight","₹ 1,05,000",https://encrypted-tbn0.gstatic.com/images?q=tbn:ANd9GcQ0Afx2jeS1fDEsz-iPrwjkXnVJBuI7Kksh9g&s
Apple,iphone 13 pro max,2532 x 1170,iOS 18,Hexa-core,Apple A15 Bionic,Apple GPU (6-core Expected),512 GB,512 GB,6 GB,12+12+12 MP,12 MP,Yes,No,"Face ID, Gyro, Accelerometer",3244 mAh,"Red, Blue, Pink, Green, Midnight, Starlight","₹ 1,08,000",https://encrypted-tbn0.gstatic.com/images?q=tbn:ANd9GcR9W9tQY0nYFvgJZyFqDCndIooGQ5IALF1B0w&s
Apple,iphone 14 pro,2532 x 1170,iOS 18,Hexa-core,Apple A16 Bionic,Apple GPU (6-core Expected),256 GB,256 GB,6 GB,48+12+12 MP,48 MP,Yes,No,"Face ID, Gyro, Accelerometer",3245 mAh,"Red, Blue, Pink, Green, Midnight, Starlight","₹ 1,10,000","https://m.media-amazon.com/images/I/71yzJoE7WlL._AC_UF1000,1000_QL80_.jpg"
Apple,iphone 14 pro max,2532 x 1170,iOS 18,Hexa-core,Apple A16 Bionic,Apple GPU (6-core Expected),512 GB,512 GB,6 GB,48+12+12 MP,48 MP,Yes,No,"Face ID, Gyro, Accelerometer",3246 mAh,"Red, Blue, Pink, Green, Midnight, Starlight","₹ 1,12,000",https://media.croma.com/image/upload/v1662654974/Croma%20Assets/Communication/Mobiles/Images/261982_n8qech.png
Apple,iphone 15 pro,2556 x 1179,iOS 18,Hexa-core,Apple A17 Bionic,Apple GPU (6-core Expected),256 GB,256 GB,6 GB,48+12+12 MP,48 MP,Yes,No,"Face ID, Gyro, Accelerometer",3247 mAh,"Red, Blue, Pink, Green, Midnight, Starlight","₹ 1,14,000","https://m.media-amazon.com/images/I/81dT7CUY6GL._AC_UF1000,1000_QL80_.jpg"
Apple,iphone 15 pro max,2556 x 1179,iOS 18,Hexa-core,Apple A17 Bionic,Apple GPU (6-core Expected),512 GB,512 GB,6 GB,48+12+12 MP,48 MP,Yes,No,"Face ID, Gyro, Accelerometer",3800 mAh,"Red, Blue, Pink, Green, Midnight, Starlight","₹ 1,15,000",https://rukminim2.flixcart.com/image/850/1000/xif0q/mobile/a/r/5/-original-imagtc3kcmph6ax5.jpeg?q=90&crop=false
Apple,iphone 16 pro, 2778 x 1284,iOS 18,Hexa-core,Apple A17 Bionic,Apple GPU (6-core Expected),256 GB,256 GB,6 GB,48+12+12 MP,48 MP,Yes,No,"Face ID, Gyro, Accelerometer",3500 mAh,"Red, Blue, Pink, Green, Midnight, Starlight","₹ 1,20,000",https://iplanet.one/cdn/shop/files/iPhone_16_Pro_Desert_Titanium_PDP_Image_Position_1__en-IN_38a0c11d-1864-457e-a2e2-7333c0480a7b.jpg?v=1727249764&width=823
Apple,iphone 16 pro max, 2778 x 1284,iOS 18,Hexa-core,Apple A17 Bionic,Apple GPU (6-core Expected),512 GB,512 GB,6 GB,48+12+12 MP,48 MP,Yes,No,"Face ID, Gyro, Accelerometer",4000 mAh,"Red, Blue, Pink, Green, Midnight, Starlight","₹ 1,30,000",https://www.designinfo.in/wp-content/uploads/2024/09/Apple-iPhone-16-Pro-128GB-Black-Titanium-8-485x485-optimized.webp
